RouteID;RouteName;DestinationCity;Kamyon AMB Cost;Týr AMB Cost;Kamyonet AMB Cost;Kamyon TC Cost;Týr TC Cost;Kamyonet TC Cost
R1;KOCAELÝBURSA;BURSA;687;998;10000;823;1153;10000
R2;YALOVABURSA;BURSA;687;998;10000;823;1153;10000
R3;KOCAELÝÝZMÝTSAKARYA;SAKARYA;512;732;414;705;1084;10000
R4;SAKARYADÜZCEBOLU;BOLU;864;1170;10000;1086;1499;10000
R5;DÜZCEBOLUZONGULDAK;ZONGULDAK;1392;1912;10000;1877;2770;10000
R6;BOLUZONGULDAKZ.EREÐLÝKARABÜK;KARABÜK;1386;1869;10000;1694;2526;10000
R7;BOLUZONGULDAKBARTIN;BARTIN;1357;2290;10000;1532;2546;10000
R8;DÜZCEBOLUÇANKIRI;ÇANKIRI;1557;2213;10000;1939;2375;10000
R9;BOLUÇANKIRIKASTAMONU;KASTAMONU;1398;2144;10000;2154;2850;10000
R10;BOLUKARABÜKÇANKIRI;ÇANKIRI;1665;2366;10000;2073;2539;10000
R11;BURSABALIKESÝR;BALIKESÝR;1053;1383;10000;1292;1645;10000
R12;BURSAÇANAKKALE;ÇANAKKALE;1638;1932;10000;1762;2233;10000
R13;SAKARYAESKÝÞEHÝR;ESKÝÞEHÝR;820;1066;10000;1205;1589;10000
R14;SAKARYABÝLECÝK;BÝLECÝK;790;1038;10000;999;1410;10000
R15;SAKARYABÝLECÝKKÜTAHYA;KÜTAHYA;1252;1816;10000;1494;2298;10000
R16;SAKARYAESKÝÞEHÝRKÜTAHYA;KÜTAHYA;1337;1940;10000;1596;2455;10000
R17;TEKÝRDAÐEDÝRNE;EDÝRNE;1346;1908;10000;1645;2233;10000
R18;MANÝSAÝZMÝRAYDINMUÐLA;MUÐLA;2106;2855;10000;2406;3169;10000
R19;KÜTAHYAAFYONISPARTA;ISPARTA;1985;2408;10000;2150;3065;10000
R20;AFYONBURDURANTALYA;ANTALYA;1844;2610;10000;2235;2766;10000
R21;AFYONISPARTAANTALYA;ANTALYA;1844;2610;10000;2235;2766;10000
R22;KÜTAHYAAFYONUÞAK;UÞAK;1287;1648;10000;1686;2229;10000
R23;KIRIKKALEYOZGATSÝVAS;SÝVAS;2136;3055;10000;2932;3908;10000
R24;ANKARAKONYAKARAMAN;KARAMAN;1757;2751;10000;2236;3299;10000
R25;ANKARAKONYAK.EREÐLÝ;KONYA;1793;2563;10000;2330;3064;10000
R26;ESKÝÞEHÝRKONYAK.EREÐLÝ;KONYA;1679;2400;10000;2181;2869;10000
R27;AFYONKONYAK.EREÐLÝ;KONYA;1705;2437;10000;2215;2913;10000
R28;ANKARAAKSARAYNÝÐDE;NÝÐDE;1755;2365;10000;2069;3065;10000
R29;ANKARAAKSARAYNEVÞEHÝR;NEVÞEHÝR;1755;2365;10000;2069;2988;10000
R30;ANKARAKIRÞEHÝRNEVÞEHÝR;NEVÞEHÝR;1755;2365;10000;2069;2988;10000
R31;ANKARAKIRÞEHÝRKAYSERÝ;KAYSERÝ;1844;2440;10000;2233;2991;10000
R32;ANKARANEVÞEHÝRNÝÐDE;NÝÐDE;1755;2365;10000;2069;3065;10000
R33;GÝRESUNTRABZONRÝZEARTVÝN;ARTVÝN;3855;6039;10000;4768;6531;10000
R34;ÇANKIRISÝNOPSAMSUN;SAMSUN;2213;2950;10000;2633;3679;10000
R35;ÇORUMAMASYATOKAT;TOKAT;2060;2925;10000;2792;3652;10000
R36;ERZÝNCANERZURUMKARS;KARS;3785;5733;10000;4783;7036;10000
R37;ERZÝNCANERZURUMARDAHAN;ARDAHAN;4127;6954;10000;5119;7355;10000
R38;ERZÝNCANERZURUMAÐRI;AÐRI;4045;6051;10000;5187;7338;10000
R39;ERZURUMAÐRIIÐDIR;IÐDIR;4041;7385;10000;5625;8008;10000
R40;ERZURUMAÐRIVAN;VAN;4021;6347;10000;5358;7971;10000
R41;DÝYARBAKIRBATMANSÝÝRT;SÝÝRT;3862;5474;10000;5160;6855;10000
R42;MARDÝNÞIRNAKHAKKARÝ;HAKKARÝ;4682;7297;10000;6717;9160;10000
R43;ADANAOSMANÝYEHATAY;HATAY;2460;3440;10000;2994;4065;10000
R44;OSMANÝYEGAZÝANTEPKÝLÝS;KÝLÝS;2918;4453;10000;3547;4473;10000
R45;ADANAMERSÝN;MERSÝN;2127;2892;10000;2614;3237;10000
R46;ADANAGAZÝANTEPADIYAMAN;ADIYAMAN;3269;4420;10000;3703;5232;10000
R47;ADANAGAZÝANTEPKAHRAMANMARAÞ;KAHRAMANMARAÞ;2840;3801;10000;3604;4712;10000
R48;MALATYAELAZIÐBÝNGÖL;BÝNGÖL;3816;5801;10000;5052;6874;10000
R49;MALATYAELAZIÐTUNCELÝ;TUNCELÝ;4488;6664;10000;5882;7867;10000
R50;ANKARAYOZGATSÝVAS;SÝVAS;2136;3055;10000;2932;3908;10000
R51;ÇORUMSAMSUN;SAMSUN;1975;2632;10000;2349;3283;10000
R52;KAYSERÝSÝVAS;SÝVAS;2208;3158;10000;3031;4040;10000
R53;UÞAKDENÝZLÝMUÐLA;MUÐLA;2106;2855;10000;2406;3169;10000
R54;OSMANÝYEKAHRAMANMARAÞ;KAHRAMANMARAÞ;2840;3801;10000;3604;4712;10000
R55;YOZGATNEVÞEHÝR;NEVÞEHÝR;1755;2365;10000;2069;2988;10000
R56;KONYANÝÐDEKAYSERÝ;KAYSERÝ;2319;3069;10000;2809;3762;10000
R57;KONYANÝÐDE;NÝÐDE;1819;2452;10000;2145;3177;10000
R58;KASTAMONUÇORUM;ÇORUM;2116;2736;10000;2589;3464;10000
R59;MERSÝNADANAHATAY;HATAY;2418;3381;10000;2943;3996;10000
R60;MUÐLAFETHÝYE;MUÐLA;2106;2855;10000;2406;3169;10000
R61;KEÞANEDÝRNE;EDÝRNE;1547;2193;10000;1891;2567;10000
R62;MERSÝNGAZÝANTEP;GAZÝANTEP;2876;4245;10000;3712;4748;10000
R63;KONYAAKSARAY;AKSARAY;2002;2389;10000;2332;3150;10000
R64;ÇORLUKEÞANEDÝRNE;EDÝRNE;1587;2249;10000;1939;2632;10000
R65;KULA;MANÝSA;1275;1697;10000;1527;1960;10000
R66;ANTALYAMANAVGAT;ANTALYA;1864;2638;10000;2259;2795;10000
R67;ANTALYAALANYA;ANTALYA;2026;2868;10000;2456;3040;10000
R68;AHIRLI;KONYA;1629;2329;10000;2117;2783;10000
R69;HATAYGAZÝANTEP;GAZÝANTEP;2704;3991;10000;3491;4464;10000
R70;AKYAZI;SAKARYA;512;732;10000;705;1084;10000
R71;KAHRAMANMARAÞGAZÝANTEPÞANLIURFA;ÞANLIURFA;3215;4985;10000;4084;5633;10000
R72;KONYAADANAMERSÝN;MERSÝN;2254;3064;10000;2770;3430;10000
R73;AKSARAYNEVÞEHÝRNÝÐDE;NÝÐDE;1755;2365;10000;2069;3065;10000
R74;BAYBURTERZURUM;ERZURUM;3129;4988;10000;4034;5791;10000
R75;ESKÝÞEHÝRANKARA;ANKARA;1342;1853;10000;1732;2077;10000
R76;ZONGULDAKKARABÜK;KARABÜK;1587;2140;10000;1940;2892;10000
R77;MARDÝNBATMAN;BATMAN;3888;5371;10000;5348;7456;10000
R78;BAYBURTERZURUMKARS;KARS;3785;5733;10000;4783;7036;10000
R79;MARDÝNBATMANÞIRNAK;ÞIRNAK;4534;6719;10000;6524;8425;10000
R80;YOZGATTOKAT;TOKAT;2104;2988;10000;2851;3729;10000
R81;AÐRIVAN;VAN;4014;6335;10000;5348;7957;10000
R82;BALIKESÝRÝZMÝRAYDIN;AYDIN;1527;1989;10000;1939;2536;10000
R83;KONYAMERSÝN;MERSÝN;2050;2786;10000;2519;3119;10000
R84;ZONGULDAKKASTAMONU;KASTAMONU;1297;1989;10000;1998;2644;10000
R85;BURSABALIKESÝRÇANAKKALE;ÇANAKKALE;1638;1932;10000;1762;2233;10000
R86;NEVÞEHÝRKAYSERÝSÝVAS;SÝVAS;2352;3364;10000;3229;4304;10000
R87;NEVÞEHÝRKAYSERÝ;KAYSERÝ;1857;2457;10000;2249;3012;10000
R88;SÝNOPSAMSUN;SAMSUN;1989;2652;10000;2366;3306;10000
R89;MARDÝNBATMANSÝÝRTÞIRNAK;VAN;4448;6628;10000;6362;8311;10000
R90;OSMANÝYEKAHRAMANMARAÞGAZÝANTEP;GAZÝANTEP;2783;4108;10000;3592;4594;10000
R91;MARDÝNÞIRNAKSÝÝRT;SÝÝRT;4476;6344;10000;5980;7944;10000
R92;KAHRAMANMARAÞOSMANÝYEHATAY;KAHRAMANMARAÞ;3240;4337;10000;4112;5375;10000
R93;BALIKESÝRÇANAKKALE;ÇANAKKALE;1638;1932;10000;1762;2233;10000
R94;ÇORUMYOZGATTOKAT;TOKAT;2310;3280;10000;3131;4095;10000
R95;TEKÝRDAÐKEÞANEDÝRNE;EDÝRNE;1543;2188;10000;1886;2560;10000
R96;BALIKESÝREDREMÝT;BALIKESÝR;1111;1459;10000;1363;1735;10000
R97;KAHRAMANMARAÞMALATYA;KAHRAMANMARAÞ;2980;3988;10000;3781;4943;10000
R98;ERZÝNCANBAYBURT;BAYBURT;3205;5343;10000;4214;5640;10000
R99;MERSÝNADANAHATAYGAZÝANTEP;GAZÝANTEP;3168;4676;10000;4090;5231;10000
R100;KONYAAKSARAYNÝÐDE;NÝÐDE;1877;2529;10000;2212;3277;10000
R101;ZONGULDAKKASTAMONUSÝNOP;SÝNOP;1863;2900;10000;2453;3525;10000
R102;BÝLECÝKESKÝÞEHÝRANKARA;ANKARA;1282;1771;10000;1655;1984;10000
R103;ÝZMÝRAYDINDENÝZLÝ;DENÝZLÝ;1635;2283;10000;2038;2579;10000
R104;MERSÝNADANAGAZÝANTEP;GAZÝANTEP;2625;3875;10000;3389;4334;10000
R105;UÞAKDENÝZLÝAYDIN;AYDIN;1527;1989;10000;1939;2536;10000
R106;OSMANÝYEKAHRAMANMARAÞMALATYA;MALATYA;3583;5345;10000;4478;6284;10000
R107;HATAYOSMANÝYEKAHRAMANMARAÞGAZÝANTEP;GAZÝANTEP;3166;4673;10000;4087;5227;10000
R108;HATAYKAHRAMANMARAÞGAZÝANTEP;GAZÝANTEP;2806;4142;10000;3622;4633;10000
R109;ZONGULDAKKARABÜKKASTAMONU;KASTAMONU;1297;1989;10000;1998;2644;10000
R110;ANTALYASERÝKALANYA;ANTALYA;1990;2817;10000;2412;2985;10000
R111;ÞANLIURFAMARDÝNDÝYARBAKIR;MARDÝN;3858;5390;10000;5079;6756;10000
R112;BATMANSÝÝRTÞIRNAK;ÞIRNAK;4083;6051;10000;5875;7587;10000
R113;ÞANLIURFAMARDÝN;MARDÝN;3627;5067;10000;4775;6352;10000
R114;KÜTAHYAMANÝSA;MANÝSA;1463;1947;10000;1752;2249;10000
R115;ÝZMÝRAYDIN;AYDIN;1527;1989;10000;1939;2536;10000
R116;ERZÝNCANBAYBURTERZURUM;ERZURUM;3156;5031;10000;4069;5841;10000
R117;ÇORUMYOZGAT;YOZGAT;2054;2954;10000;2378;3345;10000
R118;ÞANLIURFAMARDÝNBATMANÞIRNAK;SÝÝRT;4564;6469;10000;6098;8101;10000
R119;ANKARAKONYA;KONYA;1439;2057;10000;1869;2458;10000
R120;YOZGATÇORUMAMASYA;AMASYA;2195;3367;10000;2793;3929;10000
R121;KÜTAHYAUÞAKDENÝZLÝ;DENÝZLÝ;1527;2132;10000;1903;2408;10000
R122;YALOVABALIKESÝRÇANAKKALE;ÇANAKKALE;1638;1932;10000;1762;2233;10000
R123;ESKÝÞEHÝRAFYONISPARTA;ISPARTA;1985;2408;10000;2150;3065;10000
R124;MANÝSAÝZMÝR;ÝZMÝR;1287;1810;10000;1614;2030;10000
R125;TOKATSÝVAS;SÝVAS;2141;3062;10000;2939;3917;10000
R126;ESKÝÞEHÝRKÜTAHYAUÞAK;UÞAK;1287;1648;10000;1686;2229;10000
R127;ÝZMÝRTORBALI;ÝZMÝR;1287;1810;10000;1614;2030;10000
R128;AMASYATOKAT;TOKAT;1989;2824;10000;2695;3525;10000
R129;YOZGATKAYSERÝ;KAYSERÝ;1893;2505;10000;2293;3071;10000
R130;HATAYGAZÝANTEPÞANLIURFA;ÞANLIURFA;3463;5369;10000;4399;6067;10000
R131;GAZÝANTEPDÝYARBAKIR;DÝYARBAKIR;3233;5124;10000;4248;6070;10000
R132;KARABÜKKASTAMONU;KASTAMONU;1297;1989;10000;1998;2644;10000
R133;MARDÝNBATMANSÝÝRT;SÝÝRT;4169;5909;10000;5570;7400;10000
R134;YALOVABURSABALIKESÝRÇANAKKALE;ÇANAKKALE;1638;1932;10000;1762;2233;10000
R135;ANTALYASERÝK ;ANTALYA;1844;2610;10000;2235;2766;10000
R136;MANÝSAÝZMÝRAYDIN;AYDIN;1527;1989;10000;1939;2536;10000
R137;ANTALYAELMALIALANYA;ANTALYA;2262;3202;10000;2742;3393;10000
R138;DENÝZLÝAYDIN;AYDIN;1527;1989;10000;1939;2536;10000
R139;ANTALYAELMALI;ANTALYA;1852;2622;10000;2245;2779;10000
R140;ANTALYAMANAVGATALANYA;ANTALYA;2113;2991;10000;2562;3170;10000
R141;YOZGATSÝVASERZÝNCAN;ERZÝNCAN;3411;4596;10000;3975;5902;10000
R142;KÜTAHYADENÝZLÝ;DENÝZLÝ;1527;2132;10000;1903;2408;10000
R143;OSMANÝYEKAHRAMANMARAÞÞANLIURFA;ÞANLIURFA;3596;5575;10000;4567;6299;10000
R144;ÞANLIURFAMARDÝNBATMANSÝÝRT;SÝÝRT;4216;5975;10000;5633;7483;10000
R145;ISPARTAELMALIMANAVGATALANYA;ANTALYA;2591;3667;10000;3140;3886;10000
R146;ANTALYAELMALIMANAVGATALANYA;ANTALYA;2271;3214;10000;2752;3406;10000
R147;UÞAKDENÝZLÝ;DENÝZLÝ;1527;2132;10000;1903;2408;10000
R148;ARTVÝNRÝZE;RÝZE;3110;4697;10000;3945;5597;10000
R149;KÜTAHYAUÞAKDENÝZLÝFETHÝYE;MUÐLA;2106;2855;10000;2406;3169;10000
R150;ÝZMÝRMUÐLA;MUÐLA;2106;2855;10000;2406;3169;10000
R151;ANKARAKONYANÝÐDE;NÝÐDE;2008;2706;10000;2367;3506;10000
R152;ÝZMÝRAYDINMUÐLA;MUÐLA;2106;2855;10000;2406;3169;10000
R153;AYDINMUÐLA;MUÐLA;2106;2855;10000;2406;3169;10000
R154;TOKATORDU;ORDU;2365;3740;10000;3114;4583;10000
R155;AKSARAYNEVÞEHÝR;NEVÞEHÝR;1755;2365;10000;2069;2988;10000
R156;ÇORUMTOKAT;TOKAT;1989;2824;10000;2695;3525;10000
R157;ANKARAÇORUM;ÇORUM;1926;2491;10000;2357;3154;10000
R158;UÞAKDENÝZLÝMUÐLAFETHÝYE;MUÐLA;2255;3057;10000;2576;3393;10000
R159;KARABÜKZONGULDAKKASTAMONU;KASTAMONU;1297;1989;10000;1998;2644;10000
R160;MANÝSAÝZMÝRAYDINFETHÝYE;MUÐLA;2106;2855;10000;2406;3169;10000
R161;MANÝSAÝZMÝRFETHÝYE;MUÐLA;2106;2855;10000;2406;3169;10000
R162;MERSÝNHATAYGAZÝANTEP;GAZÝANTEP;2906;4289;10000;3751;4798;10000
R163;OSMANÝYEHATAY;HATAY;2385;3335;10000;2902;3941;10000
R164;YOZGATSÝVAS;SÝVAS;2136;3055;10000;2932;3908;10000
R165;ANTALYASERÝKMANAVGAT;ANTALYA;1844;2610;10000;2235;2766;10000
R166;MERSÝNOSMANÝYE;OSMANÝYE;2492;3269;10000;3230;4360;10000
R167;NEVÞEHÝRAKSARAY;AKSARAY;1839;2194;10000;2143;2893;10000
R168;AFYONISPARTAELMALIMANAVGATALANYA;ANTALYA;2388;3381;10000;2895;3583;10000
R169;ELAZIÐTUNCELÝ;TUNCELÝ;4450;6607;10000;5832;7800;10000
R170;TEKÝRDAÐÞARKÖYEDÝRNE;EDÝRNE;1733;2456;10000;2118;2875;10000
R171;GAZÝANTEPKAHRAMANMARAÞ;KAHRAMANMARAÞ;2763;3698;10000;3506;4584;10000
R172;MERSÝNOSMANÝYEKAHRAMANMARAÞ;KAHRAMANMARAÞ;3065;4102;10000;3889;5084;10000
R173;TOKATGÝRESUN;GÝRESUN;2650;3755;10000;3389;4768;10000
R174;MERSÝNADANAOSMANÝYEHATAY;HATAY;2606;3644;10000;3171;4306;10000
R175;MERSÝNADANAOSMANÝYE;OSMANÝYE;2524;3311;10000;3271;4416;10000
R176;HATAYKAHRAMANMARAÞ;KAHRAMANMARAÞ;2931;3922;10000;3719;4862;10000
R177;BALIKESÝRBANDIRMA;BALIKESÝR;1053;1383;10000;1292;1645;10000
R178;ÇORUMSÝNOP;SÝNOP;2145;3339;10000;2824;4059;10000
R179;BÝTLÝSBATMAN;BATMAN;4032;5569;10000;5546;7731;10000
R180;TEKÝRDAÐÇORLUÞARKÖY;TEKÝRDAÐ;1158;1478;10000;1535;1835;10000
R181;MUÐLAMÝLAS;MUÐLA;2106;2855;10000;2406;3169;10000
R182;BÝTLÝSSÝÝRTBATMANMARDÝN;BATMAN;4176;5768;10000;5743;8007;10000
R183;MALATYAELAZIÐTUNCELÝDÝYARBAKIR;DÝYARBAKIR;3739;5927;10000;4913;7020;10000
R184;KASTAMONUSÝNOP;SÝNOP;1863;2900;10000;2453;3525;10000
R185;YALOVABURSABANDIRMABALIKESÝR;BALIKESÝR;1053;1383;10000;1292;1645;10000
R186;GAZÝANTEPKAHRAMANMARAÞÞANLIURFA;ÞANLIURFA;3215;4985;10000;4084;5633;10000
R187;KONYANEVÞEHÝRNÝÐDE;NÝÐDE;1986;2677;10000;2342;3469;10000
R188;ÝZMÝRTORBALIMENEMEN;ÝZMÝR;1287;1810;10000;1614;2030;10000
R189;ANTALYASERÝKMANAVGATELMALI;ANTALYA;2097;2968;10000;2541;3145;10000
R190;TEKÝRDAÐÇORLUÞARKÖYEDÝRNE;EDÝRNE;1776;2518;10000;2171;2947;10000
R191;TEKÝRDAÐÞARKÖY;TEKÝRDAÐ;1111;1418;10000;1472;1760;10000
R192;BÝTLÝSSÝÝRTBATMANÞIRNAK;ÞIRNAK;4646;6885;10000;6685;8633;10000
R193;BATMANSÝÝRTÞIRNAKBÝTLÝS;ÞIRNAK;4159;6163;10000;5984;7727;10000
R194;Z.EREÐLÝÇAYCUMAKASTAMONU;KASTAMONU;1297;1989;10000;1998;2644;10000
R195;NEVÞEHÝRAKSARAYNÝÐDEADANA;ADANA;2140;2859;10000;2685;3113;10000
R196;MUÐLAMÝLASFETHÝYE;MUÐLA;2132;2891;10000;2436;3209;10000
R197;ESKÝÞEHÝRISPARTA;ISPARTA;1985;2408;10000;2150;3065;10000
R198;NEVÞEHÝRKAYSERÝ;KAYSERÝ;1857;2457;10000;2249;3012;10000
R199;BURSABALIKESÝRBANDIRMA;BALIKESÝR;1053;1383;10000;1292;1645;10000
R200;YOZGATSÝVAS;SÝVAS;2136;3055;10000;2932;3908;10000
R201;BOLUÇAYCUMAZ.EREÐLÝ;ZONGULDAK;1256;1725;10000;1693;2500;10000
R202;ADANADÝYARBAKIR;DÝYARBAKIR;3346;5304;10000;4397;6282;10000
R203;MERSÝNADANAOSMANÝYEKAHRAMANMARAÞ;KAHRAMANMARAÞ;3253;4354;10000;4128;5397;10000
R204;OSMANÝYEGAZÝANTEPKAHRAMANMARAÞÞANLIURFA;ÞANLIURFA;3603;5587;10000;4577;6313;10000
R205;TEKÝRDAÐÇORLUKIRKLARELÝLÜLEBURGAZ;KIRKLARELÝ;1170;1603;10000;1383;1939;10000
R206;OSMANÝYEGAZÝANTEPÞANLIURFA;ÞANLIURFA;3236;5017;10000;4110;5669;10000
R207;MALATYAELAZIÐDÝYARBAKIRBÝTLÝS;BÝTLÝS;4265;6053;10000;4775;6851;10000
R208;ADANAHATAYKAHRAMANMARAÞ;KAHRAMANMARAÞ;3266;4371;10000;4144;5418;10000
R209;GAZÝANTEPÞANLIURFADÝYARBAKIR;DÝYARBAKIR;3271;5185;10000;4299;6142;10000
R210;KASTAMONUSÝNOPÇORUM;ÇORUM;2498;3231;10000;3057;4090;10000
R211;AKSARAYNEVÞEHÝRKAYSERÝ;KAYSERÝ;1883;2492;10000;2280;3054;10000
R212;ÇORUMYOZGATSÝVAS;SÝVAS;2198;3143;10000;3017;4021;10000
R213;HATAYOSMANÝYEKAHRAMANMARAÞ;KAHRAMANMARAÞ;2704;3618;10000;3431;4485;10000
R214;ERZÝNCANERZURUMAÐRIVAN;VAN;4014;6335;10000;5348;7957;10000
R215;ÞANLIURFABATMANSÝÝRT;SÝÝRT;4002;5673;10000;5348;7104;10000
R216;MERSÝNADANAKAHRAMANMARAÞ;KAHRAMANMARAÞ;3000;4015;10000;3807;4977;10000
R217;BOLUZONGULDAKKASTAMONUÇORUM;ÇORUM;2488;3218;10000;3045;4074;10000
R218;HATAYOSMANÝYEGAZÝANTEPÞANLIURFA;ÞANLIURFA;3435;5325;10000;4363;6018;10000
R219;ESKÝÞEHÝRKÜTAHYAUÞAK;UÞAK;1287;1648;10000;1686;2229;10000
R220;NÝÐDENEVÞEHÝRKAYSERÝSÝVAS;SÝVAS;3178;4546;10000;4363;5815;10000
R221;ISPARTAELMALI;ANTALYA;1844;2610;10000;2235;2766;10000
R222;AKSARAYADANA;ADANA;2060;2752;10000;2585;2997;10000
R223;MUÐLAMARMARÝS;MUÐLA;2161;2930;10000;2469;3252;10000
R224;ÝZMÝRMUÐLAMARMARÝS;MUÐLA;2106;2855;10000;2406;3169;10000
R225;KAYSERÝNEVÞEHÝRNÝÐDE;NÝÐDE;1967;2651;10000;2319;3436;10000
R226;MALATYAELAZIÐDÝYARBAKIRBATMANSÝÝRT;ÞIRNAK;4083;6051;10000;5875;7587;10000
R227;HATAYOSMANÝYEGAZÝANTEP;GAZÝANTEP;2880;4252;10000;3718;4755;10000
R228;MANÝSAMÝLAS;MUÐLA;2106;2855;10000;2406;3169;10000
R229;AKSARAYNÝÐDENEVÞEHÝRKAYSERÝ;KAYSERÝ;2197;2907;10000;2661;3564;10000
R230;KASTAMONUSÝNOPSAMSUN;SAMSUN;2018;2690;10000;2400;3354;10000
R231;DÝYARBAKIRMARDÝNBATMANSÝÝRT;ÞIRNAK;4083;6051;10000;5875;7587;10000
R232;DÝYARBAKIRBATMANBÝTLÝS;BÝTLÝS;4271;6061;10000;4781;6860;10000
R233;ESKÝÞEHÝRKÜTAHYA;KÜTAHYA;1252;1816;10000;1494;2298;10000
R234;TEKÝRDAÐÇORLUEDÝRNELÜLEBURGAZKIRKLARELÝ;EDÝRNE;1346;1908;10000;1645;2233;10000
R235;ÇORUMSÝNOPSAMSUN;SAMSUN;2472;3294;10000;2940;4108;10000
R236;KONYAADANA;ADANA;2060;2752;10000;2585;2997;10000
R237;MUÐLAMARMARÝSFETHÝYE;MUÐLA;2167;2938;10000;2476;3261;10000
R238;TEKÝRDAÐÇORLUMALKARAEDÝRNE;EDÝRNE;1346;1908;10000;1645;2233;10000
R239;KÜTAHYAUÞAK;UÞAK;1287;1648;10000;1686;2229;10000
R240;BATMANÞIRNAK;ÞIRNAK;4083;6051;10000;5875;7587;10000
R241;DÝYARBAKIRBÝTLÝS;BÝTLÝS;4198;5958;10000;4700;6743;10000
R242;TEKÝRDAÐÇORLUMALKARA;TEKÝRDAÐ;1051;1341;10000;1393;1665;10000
R243;ÝZMÝRTORBALIMARMARÝS;MUÐLA;2106;2855;10000;2406;3169;10000
R244;AKSARAYNÝÐDEKAYSERÝSÝVAS;SÝVAS;3047;4358;10000;4183;5575;10000
R245;SÝÝRTÞIRNAK;ÞIRNAK;4083;6051;10000;5875;7587;10000
R246;ÝZMÝRFETHÝYE;MUÐLA;2106;2855;10000;2406;3169;10000
R247;ÇORUMYOZGATSÝVASERZÝNCAN;ERZÝNCAN;3659;4930;10000;4265;6332;10000
R248;KASTAMONUSAMSUN;SAMSUN;2001;2667;10000;2380;3326;10000
R249;BOLUZONGULDAKKARABÜKKASTAMONU;KASTAMONU;1525;2339;10000;2350;3109;10000
R250;ZONGULDAKKARABÜKKASTAMONUSÝNOP;SAMSUN;1932;2575;10000;2298;3211;10000
R251;ANKARAÇORUMYOZGAT;ÇORUM;2146;2776;10000;2627;3514;10000
R252;ELAZIÐDÝYARBAKIRBATMAN;BATMAN;3588;4956;10000;4935;6880;10000
R253;BÝTLÝSSÝÝRTÞIRNAK;ÞIRNAK;4318;6399;10000;6212;8023;10000
R254;BOLUKARABÜKKARABÜK;KARABÜK;1346;1815;10000;1645;2453;10000
R255;DÝYARBAKIRBATMAN;BATMAN;3588;4956;10000;4935;6880;10000
R256;SÝVASKAYSERÝNEVÞEHÝR;SÝVAS;2203;3151;10000;3024;4030;10000
R257;SÝVASERZÝNCAN;ERZÝNCAN;3411;4596;10000;3975;5902;10000
R258;BOLUZONGULDAK;ZONGULDAK;1289;1770;10000;1738;2565;10000
R259;KARABÜKSÝNOP;SÝNOP;1863;2900;10000;2453;3525;10000
R260;KONYAK.EREÐLÝ;KONYA;1519;2172;10000;1974;2596;10000
R261;GAZÝANTEPÞANLIURFAMARDÝNDÝYARBAKIR;ÞIRNAK;4224;6260;10000;6077;7848;10000
R262;ÝZMÝRMUÐLAMÝLAS;MUÐLA;2106;2855;10000;2406;3169;10000
R263;ÝZMÝRAYDINMÝLASFETHÝYE;MUÐLA;2231;3025;10000;2549;3358;10000
R264;SÝVASERZÝNCANERZURUM;ERZURUM;3231;5150;10000;4165;5980;10000
R265;KARSAÐRI;AÐRI;4414;6603;10000;5660;8008;10000
R266;ÝZMÝRMÝLASFETHÝYE;MUÐLA;2167;2938;10000;2476;3261;10000
R267;ÇORUMSÝVAS;SÝVAS;2136;3055;10000;2932;3908;10000
R268;LÜLEBURGAZEDÝRNEÇORLUTEKÝRDAÐ;EDÝRNE;1346;1908;10000;1645;2233;10000
R269;ÇORUMYOZGATKAYSERÝ;KAYSERÝ;2086;2760;10000;2525;3383;10000
R270;SAMSUNGÝRESUNRÝZETRABZON;TRABZON;2549;4128;10000;3727;4886;10000
R271;ADANA;ADANA;2060;2752;10000;2585;2997;10000
R272;ADIYAMAN;ADIYAMAN;3112;4207;10000;3525;4980;10000
R273;AFYON;AFYON;1229;1521;10000;1469;1916;10000
R274;AÐRI;AÐRI;4045;6051;10000;5187;7338;10000
R275;AMASYA;AMASYA;1755;2692;10000;2233;3141;10000
R276;ANKARA;ANKARA;1229;1697;10000;1586;1902;10000
R277;ANKARA;ANKARA;1229;1697;10000;1586;1902;10000
R278;ANTALYA;ANTALYA;1844;2610;10000;2235;2766;10000
R279;ARTVÝN;ARTVÝN;3800;5953;10000;4700;6438;10000
R280;AYDIN;AYDIN;1527;1989;10000;1939;2536;10000
R281;BALIKESÝR;BALIKESÝR;1053;1383;10000;1292;1645;10000
R282;BÝLECÝK;BÝLECÝK;790;1038;10000;999;1410;10000
R283;BÝNGÖL;BÝNGÖL;3816;5801;10000;5052;6874;10000
R284;BÝTLÝS;BÝTLÝS;4198;5958;10000;4700;6743;10000
R285;BOLU;BOLU;864;1170;10000;1086;1499;10000
R286;BURDUR;BURDUR;1755;2595;10000;1939;2904;10000
R287;BURSA;BURSA;687;998;10000;823;1153;10000
R288;ÇANAKKALE;ÇANAKKALE;1638;1932;10000;1762;2233;10000
R289;ÇANKIRI;ÇANKIRI;1557;2213;10000;1939;2375;10000
R290;ÇORUM;ÇORUM;1872;2421;10000;2291;3065;10000
R291;DENÝZLÝ;DENÝZLÝ;1527;2132;10000;1903;2408;10000
R292;DÝYARBAKIR;DÝYARBAKIR;3129;4960;10000;4112;5875;10000
R293;EDÝRNE;EDÝRNE;1346;1908;10000;1645;2233;10000
R294;ELAZIÐ;ELAZIÐ;3169;4552;10000;4013;5384;10000
R295;ERZÝNCAN;ERZÝNCAN;3277;4415;10000;3819;5670;10000
R296;ERZURUM;ERZURUM;3129;4988;10000;4034;5791;10000
R297;ESKÝÞEHÝR;ESKÝÞEHÝR;820;1066;10000;1205;1589;10000
R298;GAZÝANTEP;GAZÝANTEP;2458;3628;10000;3173;4058;10000
R299;GÝRESUN;GÝRESUN;2481;3516;10000;3173;4465;10000
R300;GÜMÜÞHANE;GÜMÜÞHANE;3052;4427;10000;3985;5057;10000
R301;HAKKARÝ;HAKKARÝ;4504;7020;10000;6462;8812;10000
R302;HATAY;HATAY;2365;3307;10000;2878;3908;10000
R303;ISPARTA;ISPARTA;1985;2408;10000;2150;3065;10000
R304;MERSÝN;MERSÝN;2045;2780;10000;2513;3112;10000
R305;ÝSTANBUL AVR.;ÝSTANBUL AVR.;732;1006;631;799;1086;631
R306;ÝSTANBUL AND.;ÝSTANBUL AND.;351;509;283;475;540;369
R307;ÝSTANBUL AVR.;ÝSTANBUL AVR.;732;1006;631;799;1086;631
R308;ÝSTANBUL AND.;ÝSTANBUL AND.;351;509;283;475;540;369
R309;ÝZMÝR;ÝZMÝR;1287;1810;10000;1614;2030;10000
R310;ÝZMÝR;ÝZMÝR;1287;1810;10000;1614;2030;10000
R311;KARS;KARS;3785;5733;10000;4783;7036;10000
R312;KASTAMONU;KASTAMONU;1297;1989;10000;1998;2644;10000
R313;KAYSERÝ;KAYSERÝ;1844;2440;10000;2233;2991;10000
R314;KIRKLARELÝLÜLEBURGAZ;KIRKLARELÝ;1170;1603;10000;1383;1939;10000
R315;KIRÞEHÝR;KIRÞEHÝR;1815;2289;10000;1992;2759;10000
R316;KOCAELÝÝZMÝT;KOCAELÝ;381;585;10000;470;670;10000
R317;KOCAELÝ;KOCAELÝ;381;585;133;470;670;162
R318;KONYA;KONYA;1429;2043;10000;1857;2442;10000
R319;KÜTAHYA;KÜTAHYA;1252;1816;10000;1494;2298;10000
R320;MALATYA;MALATYA;2882;4300;10000;3602;5055;10000
R321;MANÝSA;MANÝSA;1275;1697;10000;1527;1960;10000
R322;KAHRAMANMARAÞ;KAHRAMANMARAÞ;2536;3394;10000;3218;4207;10000
R323;MARDÝN;MARDÝN;3588;5013;10000;4724;6284;10000
R324;MUÐLA;MUÐLA;2106;2855;10000;2406;3169;10000
R325;MUÞ;MUÞ;4273;6259;10000;5518;7050;10000
R326;NEVÞEHÝR;NEVÞEHÝR;1755;2365;10000;2069;2988;10000
R327;NÝÐDE;NÝÐDE;1755;2365;10000;2069;3065;10000
R328;ORDU;ORDU;2365;3740;10000;3114;4583;10000
R329;RÝZE;RÝZE;2900;4380;10000;3679;5220;10000
R330;SAKARYA;SAKARYA;512;732;10000;705;1084;10000
R331;SAMSUN;SAMSUN;1932;2575;10000;2298;3211;10000
R332;SÝÝRT;SÝÝRT;3862;5474;10000;5160;6855;10000
R333;SÝNOP;SÝNOP;1863;2900;10000;2453;3525;10000
R334;SÝVAS;SÝVAS;2136;3055;10000;2932;3908;10000
R335;TEKÝRDAÐ;TEKÝRDAÐ;1038;1325;10000;1376;1645;10000
R336;TOKAT;TOKAT;1989;2824;10000;2695;3525;10000
R337;TRABZON;TRABZON;2549;4128;10000;3727;4886;10000
R338;TUNCELÝ;TUNCELÝ;3855;5724;10000;5052;6757;10000
R339;ÞANLIURFA;ÞANLIURFA;3052;4732;10000;3877;5347;10000
R340;UÞAK;UÞAK;1287;1648;10000;1686;2229;10000
R341;VAN;VAN;3893;6144;10000;5187;7717;10000
R342;YOZGAT;YOZGAT;1985;2855;10000;2298;3233;10000
R343;ZONGULDAK;ZONGULDAK;1112;1527;10000;1499;2213;10000
R344;AKSARAY;AKSARAY;1815;2166;10000;2115;2856;10000
R345;BAYBURT;BAYBURT;3205;5343;10000;4214;5640;10000
R346;KARAMAN;KARAMAN;1755;2747;10000;2233;3294;10000
R347;KIRIKKALE;KIRIKKALE;1580;2442;10000;1839;2482;10000
R348;BATMAN;BATMAN;3588;4956;10000;4935;6880;10000
R349;ÞIRNAK;ÞIRNAK;4083;6051;10000;5875;7587;10000
R350;BARTIN;BARTIN;1221;2060;10000;1378;2291;10000
R351;ARDAHAN;ARDAHAN;4121;6944;10000;5111;7344;10000
R352;IÐDIR;IÐDIR;3968;7251;10000;5523;7862;10000
R353;YALOVA;YALOVA;702;992;10000;799;1089;10000
R354;KARABÜK;KARABÜK;1346;1815;10000;1645;2453;10000
R355;KÝLÝS;KÝLÝS;2900;4425;10000;3525;4445;10000
R356;OSMANÝYE;OSMANÝYE;2365;3102;10000;3065;4137;10000
R357;DÜZCE;DÜZCE;709;1221;10000;975;1378;10000
R358;ÝSTANBUL AND.ÝSTANBUL AVR.;ÝSTANBUL AVR.;732;1006;631;799;1086;631
R359;KOCAELÝÝSTANBUL AND.;ÝSTANBUL AND.;351;509;283;475;540;369
R360;KOCAELÝÝSTANBUL AND.;ÝSTANBUL AND.;351;509;283;475;540;369
R361;GAZÝANTEPÞANLIURFA;ÞANLIURFA;3052;4732;10000;3877;5347;10000
R362;AÐRIERZURUM;AÐRI;4045;6051;10000;5187;7338;10000
R363;BOLUSAKARYAAKYAZI;BOLU;864;1170;10000;1086;1499;10000
R364;ADANAANKARA;ADANA;2060;2752;10000;2585;2997;10000
R365;SAMSUNTRABZON;TRABZON;2549;4128;10000;3727;4886;10000
R366;DÜZCESAKARYAAKYAZI;DÜZCE;709;1221;10000;975;1378;10000
R367;BALIKESÝRÝZMÝR;ÝZMÝR;1287;1810;10000;1614;2030;10000
R368;EDÝRNELÜLEBURGAZ;EDÝRNE;1346;1908;10000;1645;2233;10000
R369;ANKARABOLU;ANKARA;1229;1697;10000;1586;1902;10000
R370;ADANAGAZÝANTEP;GAZÝANTEP;2458;3628;10000;3173;4058;10000
R371;DÝYARBAKIRMALATYA;DÝYARBAKIR;3129;4960;10000;4112;5875;10000
R372;ADANAHATAY;HATAY;2365;3307;10000;2878;3908;10000
R373;BOLUKOCAELÝ;BOLU;864;1170;10000;1086;1499;10000
R374;GÝRESUNSAMSUN;GÝRESUN;2481;3516;10000;3173;4465;10000
R375;AFYONKÜTAHYA;AFYON;1229;1521;10000;1469;1916;10000
R376;RÝZETRABZON;RÝZE;2900;4380;10000;3679;5220;10000
R377;ÇORUMKARABÜK;ÇORUM;1872;2421;10000;2291;3065;10000
R378;HATAYMERSÝN;HATAY;2365;3307;10000;2878;3908;10000
R379;ELAZIÐMALATYA;ELAZIÐ;3169;4552;10000;4013;5384;10000
R380;ESKÝÞEHÝRUÞAK;UÞAK;1287;1648;10000;1686;2229;10000
R381;DENÝZLÝMUÐLA;MUÐLA;2106;2855;10000;2406;3169;10000
R382;ERZURUMKARS;KARS;3785;5733;10000;4783;7036;10000
R383;AKSARAYNÝÐDE;NÝÐDE;1755;2365;10000;2069;3065;10000
R384;NEVÞEHÝRNÝÐDE;NÝÐDE;1755;2365;10000;2069;3065;10000
R385;ERZÝNCANERZURUM;ERZURUM;3129;4988;10000;4034;5791;10000
R386;BOLUKARABÜK;BOLU;864;1170;10000;1086;1499;10000
R387;MUÐLAUÞAK;MUÐLA;2106;2855;10000;2406;3169;10000
R388;ADANAOSMANÝYE;OSMANÝYE;2365;3102;10000;3065;4137;10000
R389;BURSAÝZMÝR;ÝZMÝR;1287;1810;10000;1614;2030;10000
R390;ADANAKAHRAMANMARAÞ;KAHRAMANMARAÞ;2536;3394;10000;3218;4207;10000
R391;GÝRESUNTRABZON;TRABZON;2549;4128;10000;3727;4886;10000
R392;BALIKESÝRMANÝSA;MANÝSA;1275;1697;10000;1527;1960;10000
R393;BATMANSÝÝRT;SÝÝRT;3862;5474;10000;5160;6855;10000
R394;KAHRAMANMARAÞMARDÝN;MARDÝN;3588;5013;10000;4724;6284;10000
R395;ESKÝÞEHÝRKONYA;KONYA;1429;2043;10000;1857;2442;10000
R396;ERZURUMVAN;VAN;3893;6144;10000;5187;7717;10000
R397;DÝYARBAKIRELAZIÐ;DÝYARBAKIR;3129;4960;10000;4112;5875;10000
R398;BALIKESÝRÝZMÝRMANÝSA;ÝZMÝR;1287;1810;10000;1614;2030;10000
R399;ADANADÝYARBAKIRGAZÝANTEP;DÝYARBAKIR;3129;4960;10000;4112;5875;10000
R400;ÇORUMKARABÜKSÝNOP;SÝNOP;1863;2900;10000;2453;3525;10000
R401;KARABÜKSAKARYAZONGULDAKAKYAZI;KARABÜK;1346;1815;10000;1645;2453;10000
R402;GÝRESUNRÝZETRABZON;RÝZE;2900;4380;10000;3679;5220;10000
R403;DÝYARBAKIRELAZIÐMALATYA;DÝYARBAKIR;3129;4960;10000;4112;5875;10000
R404;ÇORUMGÝRESUNSAMSUN;GÝRESUN;2481;3516;10000;3173;4465;10000
R405;BALIKESÝRBURSAÝZMÝRBANDIRMA;ÝZMÝR;1287;1810;10000;1614;2030;10000
R406;HATAYMERSÝNOSMANÝYE;HATAY;2365;3307;10000;2878;3908;10000
R407;GÝRESUNRÝZESÝNOP;RÝZE;2900;4380;10000;3679;5220;10000
R408;KARABÜKKOCAELÝZONGULDAK;KARABÜK;1346;1815;10000;1645;2453;10000
R409;BATMANMARDÝNÞANLIURFA;BATMAN;3588;4956;10000;4935;6880;10000
R410;GAZÝANTEPMARDÝNÞANLIURFA;MARDÝN;3588;5013;10000;4724;6284;10000
R411;BOLUKARABÜKSAKARYAAKYAZI;KARABÜK;1346;1815;10000;1645;2453;10000
R412;MARDÝNÞANLIURFAÞIRNAK;ÞIRNAK;4083;6051;10000;5875;7587;10000
R413;AÐRIERZÝNCANVAN;VAN;3893;6144;10000;5187;7717;10000
R414;RÝZESAMSUNTRABZON;RÝZE;2900;4380;10000;3679;5220;10000
R415;GÝRESUNSAMSUNTRABZON;TRABZON;2549;4128;10000;3727;4886;10000
R416;BOLUSAKARYAZONGULDAKAKYAZI;ZONGULDAK;1112;1527;10000;1499;2213;10000
R417;BATMANBÝTLÝSSÝÝRT;BÝTLÝS;4198;5958;10000;4700;6743;10000
R418;ADANAKAHRAMANMARAÞOSMANÝYE;KAHRAMANMARAÞ;2536;3394;10000;3218;4207;10000
R419;ANKARAESKÝÞEHÝR;ANKARA;1229;1697;10000;1586;1902;10000
R420;BOLUKOCAELÝSAKARYAAKYAZI;BOLU;864;1170;10000;1086;1499;10000
R421;KARABÜKSÝNOPZONGULDAK;SÝNOP;1863;2900;10000;2453;3525;10000
R422;ADANAKONYAOSMANÝYE;OSMANÝYE;2365;3102;10000;3065;4137;10000
R423;BOLUKOCAELÝSAKARYAZONGULDAKAKYAZI;ZONGULDAK;1112;1527;10000;1499;2213;10000
R424;AKSARAYKONYANEVÞEHÝRNÝÐDE;NÝÐDE;1755;2365;10000;2069;3065;10000
R425;BOLUÇORUMKARABÜKZONGULDAK;ÇORUM;1872;2421;10000;2291;3065;10000
R426;SÝNOPSAMSUNGÝRESUNTRABZONRÝZE;RÝZE;2900;4380;10000;3679;5220;10000
R427;BÝTLÝSMARDÝNSÝÝRTÞIRNAK;BÝTLÝS;4198;5958;10000;4700;6743;10000
R428;BATMANMARDÝNÞIRNAK;ÞIRNAK;4083;6051;10000;5875;7587;10000
R429;GÝRESUNRÝZETRABZON;RÝZE;2900;4380;10000;3679;5220;10000
R430;KOCAELÝBURSA;BURSA;687;998;10000;823;1153;10000
R431;YALOVABURSA;BURSA;687;998;10000;823;1153;10000
R432;KOCAELÝÝZMÝTSAKARYA;SAKARYA;512;732;414;705;1084;10000
R433;DÜZCEBOLUZONGULDAK;ZONGULDAK;1392;1912;10000;1877;2770;10000
R434;SAKARYAESKÝÞEHÝR;ESKÝÞEHÝR;820;1066;10000;1205;1589;10000
R435;MANÝSAÝZMÝRAYDINMUÐLA;MUÐLA;2106;2855;10000;2406;3169;10000
R436;AFYONBURDURANTALYA;ANTALYA;1844;2610;10000;2235;2766;10000
R437;AFYONISPARTAANTALYA;ANTALYA;1844;2610;10000;2235;2766;10000
R438;ANKARAKONYAK.EREÐLÝ;KONYA;1793;2563;10000;2330;3064;10000
R439;ESKÝÞEHÝRKONYAK.EREÐLÝ;KONYA;1679;2400;10000;2181;2869;10000
R440;AFYONKONYAK.EREÐLÝ;KONYA;1705;2437;10000;2215;2913;10000
R441;ADANAMERSÝN;MERSÝN;2127;2892;10000;2614;3237;10000
R442;UÞAKDENÝZLÝMUÐLA;MUÐLA;2106;2855;10000;2406;3169;10000
R443;MUÐLAFETHÝYE;MUÐLA;2106;2855;10000;2406;3169;10000
R444;ANTALYAMANAVGAT;ANTALYA;1864;2638;10000;2259;2795;10000
R445;ANTALYAALANYA;ANTALYA;2026;2868;10000;2456;3040;10000
R446;AHIRLI;KONYA;1629;2329;10000;2117;2783;10000
R447;AKYAZI;SAKARYA;512;732;10000;705;1084;10000
R448;KONYAADANAMERSÝN;MERSÝN;2254;3064;10000;2770;3430;10000
R449;ESKÝÞEHÝRANKARA;ANKARA;1342;1853;10000;1732;2077;10000
R450;KONYAMERSÝN;MERSÝN;2050;2786;10000;2519;3119;10000
R451;BÝLECÝKESKÝÞEHÝRANKARA;ANKARA;1282;1771;10000;1655;1984;10000
R452;ANTALYASERÝKALANYA;ANTALYA;1990;2817;10000;2412;2985;10000
R453;ANKARAKONYA;KONYA;1439;2057;10000;1869;2458;10000
R454;MANÝSAÝZMÝR;ÝZMÝR;1287;1810;10000;1614;2030;10000
R455;ÝZMÝRTORBALI;ÝZMÝR;1287;1810;10000;1614;2030;10000
R456;ANTALYASERÝK ;ANTALYA;1844;2610;10000;2235;2766;10000
R457;ANTALYAELMALIALANYA;ANTALYA;2262;3202;10000;2742;3393;10000
R458;ANTALYAELMALI;ANTALYA;1852;2622;10000;2245;2779;10000
R459;ANTALYAMANAVGATALANYA;ANTALYA;2113;2991;10000;2562;3170;10000
R460;ISPARTAELMALIMANAVGATALANYA;ANTALYA;2591;3667;10000;3140;3886;10000
R461;ANTALYAELMALIMANAVGATALANYA;ANTALYA;2271;3214;10000;2752;3406;10000
R462;KÜTAHYAUÞAKDENÝZLÝFETHÝYE;MUÐLA;2106;2855;10000;2406;3169;10000
R463;ÝZMÝRMUÐLA;MUÐLA;2106;2855;10000;2406;3169;10000
R464;ÝZMÝRAYDINMUÐLA;MUÐLA;2106;2855;10000;2406;3169;10000
R465;AYDINMUÐLA;MUÐLA;2106;2855;10000;2406;3169;10000
R466;UÞAKDENÝZLÝMUÐLAFETHÝYE;MUÐLA;2255;3057;10000;2576;3393;10000
R467;MANÝSAÝZMÝRAYDINFETHÝYE;MUÐLA;2106;2855;10000;2406;3169;10000
R468;MANÝSAÝZMÝRFETHÝYE;MUÐLA;2106;2855;10000;2406;3169;10000
R469;ANTALYASERÝKMANAVGAT;ANTALYA;1844;2610;10000;2235;2766;10000
R470;AFYONISPARTAELMALIMANAVGATALANYA;ANTALYA;2388;3381;10000;2895;3583;10000
R471;MUÐLAMÝLAS;MUÐLA;2106;2855;10000;2406;3169;10000
R472;ÝZMÝRTORBALIMENEMEN;ÝZMÝR;1287;1810;10000;1614;2030;10000
R473;ANTALYASERÝKMANAVGATELMALI;ANTALYA;2097;2968;10000;2541;3145;10000
R474;NEVÞEHÝRAKSARAYNÝÐDEADANA;ADANA;2140;2859;10000;2685;3113;10000
R475;MUÐLAMÝLASFETHÝYE;MUÐLA;2132;2891;10000;2436;3209;10000
R476;BOLUÇAYCUMAZ.EREÐLÝ;ZONGULDAK;1256;1725;10000;1693;2500;10000
R477;ISPARTAELMALI;ANTALYA;1844;2610;10000;2235;2766;10000
R478;AKSARAYADANA;ADANA;2060;2752;10000;2585;2997;10000
R479;MUÐLAMARMARÝS;MUÐLA;2161;2930;10000;2469;3252;10000
R480;ÝZMÝRMUÐLAMARMARÝS;MUÐLA;2106;2855;10000;2406;3169;10000
R481;MANÝSAMÝLAS;MUÐLA;2106;2855;10000;2406;3169;10000
R482;KONYAADANA;ADANA;2060;2752;10000;2585;2997;10000
R483;MUÐLAMARMARÝSFETHÝYE;MUÐLA;2167;2938;10000;2476;3261;10000
R484;ÝZMÝRTORBALIMARMARÝS;MUÐLA;2106;2855;10000;2406;3169;10000
R485;ÝZMÝRFETHÝYE;MUÐLA;2106;2855;10000;2406;3169;10000
R486;BOLUZONGULDAK;ZONGULDAK;1289;1770;10000;1738;2565;10000
R487;KONYAK.EREÐLÝ;KONYA;1519;2172;10000;1974;2596;10000
R488;ÝZMÝRMUÐLAMÝLAS;MUÐLA;2106;2855;10000;2406;3169;10000
R489;ÝZMÝRAYDINMÝLASFETHÝYE;MUÐLA;2231;3025;10000;2549;3358;10000
R490;ÝZMÝRMÝLASFETHÝYE;MUÐLA;2167;2938;10000;2476;3261;10000
R491;ADANA;ADANA;2060;2752;10000;2585;2997;10000
R492;ANKARA;ANKARA;1229;1697;10000;1586;1902;10000
R493;ANKARA;ANKARA;1229;1697;10000;1586;1902;10000
R494;ANTALYA;ANTALYA;1844;2610;10000;2235;2766;10000
R495;BURSA;BURSA;687;998;10000;823;1153;10000
R496;ESKÝÞEHÝR;ESKÝÞEHÝR;820;1066;10000;1205;1589;10000
R497;MERSÝN;MERSÝN;2045;2780;10000;2513;3112;10000
R498;ÝSTANBUL AVR.;ÝSTANBUL AVR.;732;1006;631;799;1086;631
R499;ÝSTANBUL AND.;ÝSTANBUL AND.;351;509;283;475;540;369
R500;ÝSTANBUL AVR.;ÝSTANBUL AVR.;732;1006;631;799;1086;631
R501;ÝSTANBUL AND.;ÝSTANBUL AND.;351;509;283;475;540;369
R502;ÝZMÝR;ÝZMÝR;1287;1810;10000;1614;2030;10000
R503;ÝZMÝR;ÝZMÝR;1287;1810;10000;1614;2030;10000
R504;KOCAELÝÝZMÝT;KOCAELÝ;381;585;10000;470;670;10000
R505;KOCAELÝ;KOCAELÝ;381;585;133;470;670;162
R506;KONYA;KONYA;1429;2043;10000;1857;2442;10000
R507;MUÐLA;MUÐLA;2106;2855;10000;2406;3169;10000
R508;SAKARYA;SAKARYA;512;732;10000;705;1084;10000
R509;ZONGULDAK;ZONGULDAK;1112;1527;10000;1499;2213;10000
R510;ÝSTANBUL AND.ÝSTANBUL AVR.;ÝSTANBUL AVR.;732;1006;631;799;1086;631
R511;KOCAELÝÝSTANBUL AND.;ÝSTANBUL AND.;351;509;283;475;540;369
R512;ADANAANKARA;ADANA;2060;2752;10000;2585;2997;10000
R513;BALIKESÝRÝZMÝR;ÝZMÝR;1287;1810;10000;1614;2030;10000
R514;ANKARABOLU;ANKARA;1229;1697;10000;1586;1902;10000
R515;DENÝZLÝMUÐLA;MUÐLA;2106;2855;10000;2406;3169;10000
R516;MUÐLAUÞAK;MUÐLA;2106;2855;10000;2406;3169;10000
R517;BURSAÝZMÝR;ÝZMÝR;1287;1810;10000;1614;2030;10000
R518;ESKÝÞEHÝRKONYA;KONYA;1429;2043;10000;1857;2442;10000
R519;BALIKESÝRÝZMÝRMANÝSA;ÝZMÝR;1287;1810;10000;1614;2030;10000
R520;DÝYARBAKIRELAZIÐMALATYA;DÝYARBAKIR;3129;4960;10000;4112;5875;10000
R521;BALIKESÝRBURSAÝZMÝRBANDIRMA;ÝZMÝR;1287;1810;10000;1614;2030;10000
R522;BOLUSAKARYAZONGULDAKAKYAZI;ZONGULDAK;1112;1527;10000;1499;2213;10000
R523;ANKARAESKÝÞEHÝR;ANKARA;1229;1697;10000;1586;1902;10000
R524;BOLUKOCAELÝSAKARYAZONGULDAKAKYAZI;ZONGULDAK;1112;1527;10000;1499;2213;10000
R525;KOCAELÝBURSA;BURSA;687;998;10000;823;1153;10000
R526;YALOVABURSA;BURSA;687;998;10000;823;1153;10000
R527;KOCAELÝÝZMÝTSAKARYA;SAKARYA;512;732;414;705;1084;10000
R528;DÜZCEBOLUZONGULDAK;ZONGULDAK;1392;1912;10000;1877;2770;10000
R529;SAKARYAESKÝÞEHÝR;ESKÝÞEHÝR;820;1066;10000;1205;1589;10000
R530;MANÝSAÝZMÝRAYDINMUÐLA;MUÐLA;2106;2855;10000;2406;3169;10000
R531;AFYONBURDURANTALYA;ANTALYA;1844;2610;10000;2235;2766;10000
R532;AFYONISPARTAANTALYA;ANTALYA;1844;2610;10000;2235;2766;10000
R533;ANKARAKONYAK.EREÐLÝ;KONYA;1793;2563;10000;2330;3064;10000
R534;ESKÝÞEHÝRKONYAK.EREÐLÝ;KONYA;1679;2400;10000;2181;2869;10000
R535;AFYONKONYAK.EREÐLÝ;KONYA;1705;2437;10000;2215;2913;10000
R536;ADANAMERSÝN;MERSÝN;2127;2892;10000;2614;3237;10000
R537;UÞAKDENÝZLÝMUÐLA;MUÐLA;2106;2855;10000;2406;3169;10000
R538;MUÐLAFETHÝYE;MUÐLA;2106;2855;10000;2406;3169;10000
R539;ANTALYAMANAVGAT;ANTALYA;1864;2638;10000;2259;2795;10000
R540;ANTALYAALANYA;ANTALYA;2026;2868;10000;2456;3040;10000
R541;AHIRLI;KONYA;1629;2329;10000;2117;2783;10000
R542;AKYAZI;SAKARYA;512;732;10000;705;1084;10000
R543;KONYAADANAMERSÝN;MERSÝN;2254;3064;10000;2770;3430;10000
R544;AKSARAYNEVÞEHÝRNÝÐDE;NÝÐDE;1755;2365;10000;2069;3065;10000
R545;ESKÝÞEHÝRANKARA;ANKARA;1342;1853;10000;1732;2077;10000
R546;KONYAMERSÝN;MERSÝN;2050;2786;10000;2519;3119;10000
R547;BÝLECÝKESKÝÞEHÝRANKARA;ANKARA;1282;1771;10000;1655;1984;10000
R548;ANTALYASERÝKALANYA;ANTALYA;1990;2817;10000;2412;2985;10000
R549;ANKARAKONYA;KONYA;1439;2057;10000;1869;2458;10000
R550;MANÝSAÝZMÝR;ÝZMÝR;1287;1810;10000;1614;2030;10000
R551;ÝZMÝRTORBALI;ÝZMÝR;1287;1810;10000;1614;2030;10000
R552;ANTALYASERÝK ;ANTALYA;1844;2610;10000;2235;2766;10000
R553;ANTALYAELMALIALANYA;ANTALYA;2262;3202;10000;2742;3393;10000
R554;ANTALYAELMALI;ANTALYA;1852;2622;10000;2245;2779;10000
R555;ANTALYAMANAVGATALANYA;ANTALYA;2113;2991;10000;2562;3170;10000
R556;ISPARTAELMALIMANAVGATALANYA;ANTALYA;2591;3667;10000;3140;3886;10000
R557;ANTALYAELMALIMANAVGATALANYA;ANTALYA;2271;3214;10000;2752;3406;10000
R558;KÜTAHYAUÞAKDENÝZLÝFETHÝYE;MUÐLA;2106;2855;10000;2406;3169;10000
R559;ÝZMÝRMUÐLA;MUÐLA;2106;2855;10000;2406;3169;10000
R560;ÝZMÝRAYDINMUÐLA;MUÐLA;2106;2855;10000;2406;3169;10000
R561;AYDINMUÐLA;MUÐLA;2106;2855;10000;2406;3169;10000
R562;UÞAKDENÝZLÝMUÐLAFETHÝYE;MUÐLA;2255;3057;10000;2576;3393;10000
R563;MANÝSAÝZMÝRAYDINFETHÝYE;MUÐLA;2106;2855;10000;2406;3169;10000
R564;MANÝSAÝZMÝRFETHÝYE;MUÐLA;2106;2855;10000;2406;3169;10000
R565;ANTALYASERÝKMANAVGATELMALI;ANTALYA;2097;2968;10000;2541;3145;10000
R566;AFYONISPARTAELMALIMANAVGATALANYA;ANTALYA;2388;3381;10000;2895;3583;10000
R567;MUÐLAMÝLAS;MUÐLA;2106;2855;10000;2406;3169;10000
R568;ÝZMÝRTORBALIMENEMEN;ÝZMÝR;1287;1810;10000;1614;2030;10000
R569;ANTALYAELMALIMANAVGAT;ANTALYA;2102;2975;10000;2548;3153;10000
R570;NEVÞEHÝRAKSARAYNÝÐDEADANA;ADANA;2140;2859;10000;2685;3113;10000
R571;MUÐLAMÝLASFETHÝYE;MUÐLA;2132;2891;10000;2436;3209;10000
R572;BOLUÇAYCUMAZ.EREÐLÝ;ZONGULDAK;1256;1725;10000;1693;2500;10000
R573;ADANAOSMANÝYEHATAY;HATAY;2460;3440;10000;2994;4065;10000
R574;ISPARTAELMALI;ANTALYA;1844;2610;10000;2235;2766;10000
R575;AKSARAYADANA;ADANA;2060;2752;10000;2585;2997;10000
R576;MUÐLAMARMARÝS;MUÐLA;2161;2930;10000;2469;3252;10000
R577;ÝZMÝRMUÐLAMARMARÝS;MUÐLA;2106;2855;10000;2406;3169;10000
R578;MANÝSAMÝLAS;MUÐLA;2106;2855;10000;2406;3169;10000
R579;KONYAADANA;ADANA;2060;2752;10000;2585;2997;10000
R580;MUÐLAMARMARÝSFETHÝYE;MUÐLA;2167;2938;10000;2476;3261;10000
R581;ÝZMÝRTORBALIMARMARÝS;MUÐLA;2106;2855;10000;2406;3169;10000
R582;ÝZMÝRFETHÝYE;MUÐLA;2106;2855;10000;2406;3169;10000
R583;BOLUZONGULDAK;ZONGULDAK;1289;1770;10000;1738;2565;10000
R584;KONYAK.EREÐLÝ;KONYA;1519;2172;10000;1974;2596;10000
R585;ÝZMÝRMUÐLAMÝLAS;MUÐLA;2106;2855;10000;2406;3169;10000
R586;ÝZMÝRAYDINMÝLASFETHÝYE;MUÐLA;2231;3025;10000;2549;3358;10000
R587;ÝZMÝRMÝLASFETHÝYE;MUÐLA;2167;2938;10000;2476;3261;10000
R588;ADANA;ADANA;2060;2752;10000;2585;2997;10000
R589;ANKARA;ANKARA;1229;1697;10000;1586;1902;10000
R590;ANKARA;ANKARA;1229;1697;10000;1586;1902;10000
R591;ANTALYA;ANTALYA;1844;2610;10000;2235;2766;10000
R592;BURSA;BURSA;687;998;10000;823;1153;10000
R593;ESKÝÞEHÝR;ESKÝÞEHÝR;820;1066;10000;1205;1589;10000
R594;MERSÝN;MERSÝN;2045;2780;10000;2513;3112;10000
R595;ÝSTANBUL AVR.;ÝSTANBUL AVR.;732;1006;631;799;1086;631
R596;ÝSTANBUL AND.;ÝSTANBUL AND.;351;509;283;475;540;369
R597;ÝSTANBUL AVR.;ÝSTANBUL AVR.;732;1006;631;799;1086;631
R598;ÝSTANBUL AND.;ÝSTANBUL AND.;351;509;283;475;540;369
R599;ÝZMÝR;ÝZMÝR;1287;1810;10000;1614;2030;10000
R600;ÝZMÝR;ÝZMÝR;1287;1810;10000;1614;2030;10000
R601;KOCAELÝÝZMÝT;KOCAELÝ;381;585;10000;470;670;10000
R602;KOCAELÝ;KOCAELÝ;381;585;133;470;670;162
R603;KONYA;KONYA;1429;2043;10000;1857;2442;10000
R604;MUÐLA;MUÐLA;2106;2855;10000;2406;3169;10000
R605;SAKARYA;SAKARYA;512;732;10000;705;1084;10000
R606;ZONGULDAK;ZONGULDAK;1112;1527;10000;1499;2213;10000
R607;ÝSTANBUL AND.ÝSTANBUL AVR.;ÝSTANBUL AVR.;732;1006;631;799;1086;631
R608;KOCAELÝÝSTANBUL AND.;ÝSTANBUL AND.;351;509;283;475;540;369
R609;ADANAANKARA;ADANA;2060;2752;10000;2585;2997;10000
R610;BALIKESÝRÝZMÝR;ÝZMÝR;1287;1810;10000;1614;2030;10000
R611;ANKARABOLU;ANKARA;1229;1697;10000;1586;1902;10000
R612;AFYONKÜTAHYA;AFYON;1229;1521;10000;1469;1916;10000
R613;DENÝZLÝMUÐLA;MUÐLA;2106;2855;10000;2406;3169;10000
R614;AKSARAYNÝÐDE;NÝÐDE;1755;2365;10000;2069;3065;10000
R615;MUÐLAUÞAK;MUÐLA;2106;2855;10000;2406;3169;10000
R616;BURSAÝZMÝR;ÝZMÝR;1287;1810;10000;1614;2030;10000
R617;ESKÝÞEHÝRKONYA;KONYA;1429;2043;10000;1857;2442;10000
R618;BALIKESÝRÝZMÝRMANÝSA;ÝZMÝR;1287;1810;10000;1614;2030;10000
R619;DÝYARBAKIRELAZIÐMALATYA;DÝYARBAKIR;3129;4960;10000;4112;5875;10000
R620;BALIKESÝRBURSAÝZMÝRBANDIRMA;ÝZMÝR;1287;1810;10000;1614;2030;10000
R621;BOLUSAKARYAZONGULDAKAKYAZI;ZONGULDAK;1112;1527;10000;1499;2213;10000
R622;ANKARAESKÝÞEHÝR;ANKARA;1229;1697;10000;1586;1902;10000
R623;BOLUKOCAELÝSAKARYAZONGULDAKAKYAZI;ZONGULDAK;1112;1527;10000;1499;2213;10000
R624;ERZÝNCANERZURUMKARSAÐRI;AÐRI;4546;6801;10000;5830;8247;10000
R625;TOKATSAMSUN;SAMSUN;2460;3279;10000;2926;4089;10000
R626;ÇORUMTOKATSÝVAS;SÝVAS;2136;3055;10000;2932;3908;10000
